season_max,include_ot,include_blocked,close_cut,dist_control,fe,cluster,trim_last,n,slope,se,p,ame_pp,ame_p,ok
2023,False,False,4,quad,000,game_id,0,23580,0.04441231712297138,0.020912066772491838,0.03368979250804838,0.5251321962093127,0.030753070614347955,True
2023,False,False,4,quad,000,game_id,60,22828,0.0022628502069673992,0.027862162521772076,0.9352702662810726,0.02366358640232852,0.9352267066940316,True
2023,False,False,4,quad,110,game_id,0,23580,0.045583050941107366,0.021109118791946425,0.03081907511707893,0.5196990523600613,0.028159256165785962,True
2023,False,False,4,quad,110,game_id,60,22828,0.009381163271980011,0.028277822086366283,0.7400781544666111,0.09516088573625892,0.7394346719157461,True
2023,False,False,4,quad,111,game_id,0,23580,0.047272372021807764,0.02138894807201881,0.027096088731865864,0.5359414480972786,0.024633245193685482,True
2023,False,False,4,quad,111,game_id,60,22828,0.010757265848865945,0.028768800178633855,0.7084629029243938,0.10863664343833969,0.7076913671358223,True
2023,False,False,4,cubic,000,game_id,0,23580,0.03784590119393729,0.02093744641349717,0.070673442101723,0.44482107365503165,0.06680795188300159,True
2023,False,False,4,cubic,000,game_id,60,22828,-0.0002764399094610107,0.027838188550029525,0.9920769445757263,-0.002899032723774791,0.9920776026127403,True
2023,False,False,4,cubic,110,game_id,0,23580,0.03838960177106861,0.021143479098872372,0.06942085564754308,0.43457594441898395,0.06584180701269537,True
2023,False,False,4,cubic,110,game_id,60,22828,0.006853479033373239,0.028308460351915234,0.8087026567923372,0.06965808452042276,0.8083557383124489,True
2023,False,False,4,cubic,111,game_id,0,23580,0.04008215082559827,0.021421532894980066,0.06132914742497131,0.4512071373339711,0.057938761600270006,True
2023,False,False,4,cubic,111,game_id,60,22828,0.008285884875906039,0.028779587417585767,0.7734168591751469,0.08386022827776854,0.7729512257665132,True
2023,False,False,7,quad,000,game_id,0,23580,0.04657256063290064,0.018077176981480203,0.009985869353064558,0.5285861330619513,0.008698029123735518,True
2023,False,False,7,quad,000,game_id,60,22791,0.012738179518541917,0.023199691476722316,0.5829596330774927,0.1312012434715685,0.5813661519736371,True
2023,False,False,7,quad,110,game_id,0,23580,0.04712044663747739,0.018380641902621446,0.010359556485595833,0.516815918646654,0.009067777356605689,True
2023,False,False,7,quad,110,game_id,60,22791,0.017168224065585058,0.023647240194535003,0.4678302756187369,0.1717261139503116,0.46540756482025203,True
2023,False,False,7,quad,111,game_id,0,23580,0.04864565232030628,0.01860820568701469,0.008943552587795223,0.5303681167780233,0.007778941916132487,True
2023,False,False,7,quad,111,game_id,60,22791,0.018427984998066967,0.023959123795505455,0.4418086060295403,0.18334792347276882,0.4392318108912401,True
2023,False,False,7,cubic,000,game_id,0,23580,0.04127188247828249,0.01808936022343863,0.022515586147903388,0.46694559487845566,0.02047023070712295,True
2023,False,False,7,cubic,000,game_id,60,22791,0.011438194920797139,0.02317403911994589,0.6216042703432876,0.11820910625633188,0.6202666487382089,True
2023,False,False,7,cubic,110,game_id,0,23580,0.04122500110100268,0.0183955719845168,0.02502422893791012,0.45046864036435896,0.022930557362216053,True
2023,False,False,7,cubic,110,game_id,60,22791,0.01578724286722867,0.023634133469199254,0.5041432695009442,0.15842315350316266,0.5020166820733474,True
2023,False,False,7,cubic,111,game_id,0,23580,0.04278743996989187,0.01862281883833722,0.021585632036322133,0.4647649139621503,0.019672037450494395,True
2023,False,False,7,cubic,111,game_id,60,22791,0.017151931416623283,0.02393575384447379,0.4736320270942622,0.1712214309974536,0.4713127636363472,True
2023,False,False,9,quad,000,game_id,0,23580,0.04114403848046369,0.017351631183640706,0.01773084693749949,0.46300222063552804,0.015921860681710864,True
2023,False,False,9,quad,000,game_id,60,22772,0.0033263760099317696,0.022088707877772028,0.8802978113120439,0.03415497466078176,0.8801657650060843,True
2023,False,False,9,quad,110,game_id,0,23580,0.042241455814051455,0.017768201739217903,0.017436944436539648,0.45914570600113713,0.01562892097379831,True
2023,False,False,9,quad,110,game_id,60,22772,0.007779653389538309,0.022705672087987877,0.7318765330191943,0.07745691815030646,0.7312239705654,True
2023,False,False,9,quad,111,game_id,0,23580,0.04397720819116729,0.017979185376734253,0.014444830949493781,0.475116374915455,0.012841916849713142,True
2023,False,False,9,quad,111,game_id,60,22772,0.009914323832381763,0.02297525126746553,0.666088940157505,0.09813953892598666,0.6651091870897099,True
2023,False,False,9,cubic,000,game_id,0,23580,0.03610739627898019,0.017356062341070393,0.03748968203363767,0.40538794196345057,0.03484932807015251,True
2023,False,False,9,cubic,000,game_id,60,22772,0.0020895501388030722,0.022049663499046957,0.924500991365236,0.02153403136595266,0.9244477446411838,True
2023,False,False,9,cubic,110,game_id,0,23580,0.03661632989759994,0.017776570917610077,0.03941686231607022,0.39686517043191316,0.03671896213407866,True
2023,False,False,9,cubic,110,game_id,60,22772,0.006447989078618217,0.02267686525045518,0.7761481720583381,0.06442507976523688,0.7756908108841245,True
2023,False,False,9,cubic,111,game_id,0,23580,0.03839442179437853,0.01798974555334278,0.0328231979414817,0.4136046292512867,0.03037250609861397,True
2023,False,False,9,cubic,111,game_id,60,22772,0.008662649962351356,0.02294107746587798,0.7057245548189894,0.08605765820620137,0.7049571027033881,True
2023,False,False,10,quad,000,game_id,0,23580,0.04109024053036582,0.01618458933295069,0.011121757644152908,0.45649724892484705,0.009877363638828074,True
2023,False,False,10,quad,000,game_id,60,22713,0.016232904783899466,0.02040166019041013,0.42622626717799394,0.1659133227725356,0.42364849235340873,True
2023,False,False,10,quad,110,game_id,0,23580,0.042123690383262274,0.016617843336632476,0.011249644728485109,0.4523827897824984,0.009989441264945276,True
2023,False,False,10,quad,110,game_id,60,22713,0.020555589836870183,0.020973439329514707,0.32704800931261424,0.20397121347372715,0.3237873737386878,True
2023,False,False,10,quad,111,game_id,0,23580,0.04387766778192953,0.01682162194632682,0.009096423068782666,0.46832645258255207,0.008001378350750432,True
2023,False,False,10,quad,111,game_id,60,22713,0.022609190000185977,0.02119111661504617,0.28600873283953043,0.2230075463352854,0.2825084062379122,True
2023,False,False,10,cubic,000,game_id,0,23580,0.03644825435019905,0.016188021774788695,0.024350278625925093,0.40437451983134287,0.022406695206772964,True
2023,False,False,10,cubic,000,game_id,60,22713,0.014990181731303266,0.020363368517939566,0.46164874040409454,0.15381505935771334,0.459309959955416,True
2023,False,False,10,cubic,110,game_id,0,23580,0.037026877433800925,0.01662939017629375,0.025974512670198013,0.39683856941839096,0.02397564180226519,True
2023,False,False,10,cubic,110,game_id,60,22713,0.019290621593894115,0.0209482600135996,0.3571183679472756,0.19212252083180623,0.35406682628317854,True
2023,False,False,10,cubic,111,game_id,0,23580,0.03882944876840717,0.016831125869508676,0.021054683025151233,0.413612317053197,0.01927917773946075,True
2023,False,False,10,cubic,111,game_id,60,22713,0.021442901518300257,0.021159133764119053,0.31086382849158567,0.2122990526937651,0.30751308711064684,True
2023,False,False,14,quad,000,game_id,0,23580,0.03284054542361829,0.014941251666234735,0.027950659577961723,0.36068237728394426,0.026074811694528188,True
2023,False,False,14,quad,000,game_id,60,22680,0.010793263430975315,0.01875126791193072,0.5648843688603278,0.11043636852965312,0.5635298959949957,True
2023,False,False,14,quad,110,game_id,0,23580,0.03435038277991418,0.015334348664374109,0.025084819532794844,0.36459704751467703,0.023286137583018673,True
2023,False,False,14,quad,110,game_id,60,22680,0.01651722475102123,0.019304520794752745,0.39221113732670565,0.163831146410173,0.3897980716571734,True
2023,False,False,14,quad,111,game_id,0,23580,0.03598835520482701,0.015480887411843253,0.020088227677762527,0.37971868579144846,0.018511640615871183,True
2023,False,False,14,quad,111,game_id,60,22680,0.01858576816217975,0.01944207065715599,0.3390943590401647,0.1832756470495568,0.33639233841188343,True
2023,False,False,14,cubic,000,game_id,0,23580,0.02847452473853003,0.014946199641921523,0.056762553651877656,0.31257871809788906,0.054203113659330615,True
2023,False,False,14,cubic,000,game_id,60,22680,0.009540709274792503,0.018700136259406867,0.6099151073917606,0.09800915029833097,0.6087983138683348,True
2023,False,False,14,cubic,110,game_id,0,23580,0.02962360709164412,0.015344999406913421,0.053544223596660556,0.3140552643812828,0.05103663640455758,True
2023,False,False,14,cubic,110,game_id,60,22680,0.01527845777993702,0.01926310394854053,0.42769264580416944,0.1521003486653453,0.42550225175222556,True
2023,False,False,14,cubic,111,game_id,0,23580,0.031340478206660916,0.015488491491716385,0.04302484437142873,0.3302775330967988,0.04076020658398538,True
2023,False,False,14,cubic,111,game_id,60,22680,0.017472021558684367,0.01939631112979939,0.36769947945120873,0.17292753457229015,0.36516338806636783,True
2023,False,True,4,quad,000,game_id,0,24087,0.036066310911841454,0.019385386762666115,0.0628162852354246,0.47322649400473177,0.05926122488380736,True
2023,False,True,4,quad,000,game_id,60,23309,-0.007086234990557855,0.025921904154727247,0.7845698772444338,-0.08359690701939929,0.7849971137298981,True
2023,False,True,4,quad,110,game_id,0,24087,0.038222301962037686,0.01965803326155845,0.05185200235511922,0.4829743874127108,0.04875836906700548,True
2023,False,True,4,quad,110,game_id,60,23309,0.0020927224713364902,0.026396026889320356,0.936808544096329,0.02391982309427094,0.9367744602841857,True
2023,False,True,4,quad,111,game_id,0,24087,0.03987723470045508,0.019864689647659164,0.04470250064842607,0.5015274922647925,0.041805331906929366,True
2023,False,True,4,quad,111,game_id,60,23309,0.0033375163717770887,0.026759801739054376,0.9007442204043326,0.03800470387141634,0.9006633272154199,True
2023,False,True,4,cubic,000,game_id,0,24087,0.03012250298589047,0.01942383946077578,0.12094946326691458,0.39305233385335925,0.11687130647423216,True
2023,False,True,4,cubic,000,game_id,60,23309,-0.009108705689770295,0.025896926957023062,0.7250413513448124,-0.10771547624057558,0.7257347595696164,True
2023,False,True,4,cubic,110,game_id,0,24087,0.0315932454978676,0.019713170042367032,0.10901269306707984,0.39638388925813395,0.10531899512318366,True
2023,False,True,4,cubic,110,game_id,60,23309,9.074807479100572e-05,0.02642203180040991,0.9972596223488084,0.001038900765015177,0.9972595589632893,True
2023,False,True,4,cubic,111,game_id,0,24087,0.03317507690729672,0.019920136432824535,0.09583216179801779,0.4142645335913615,0.0922449391761142,True
2023,False,True,4,cubic,111,game_id,60,23309,0.0013001481372420772,0.026769226259587785,0.9612629661326539,0.014830704705548167,0.9612507293629686,True
2023,False,True,7,quad,000,game_id,0,24087,0.03643288492377213,0.016736844565995446,0.029494950419898025,0.4606684410351899,0.027300349242789235,True
2023,False,True,7,quad,000,game_id,60,23272,0.0015903256854293904,0.021526093750103052,0.9411066877331569,0.018499486511025964,0.9410780951636997,True
2023,False,True,7,quad,110,game_id,0,24087,0.03791940966575488,0.017089208267163442,0.026492869759571658,0.4629493119690336,0.024453778242501834,True
2023,False,True,7,quad,110,game_id,60,23272,0.007721019927625049,0.02197524774344972,0.7253252205720022,0.08716267689112515,0.7247236853713113,True
2023,False,True,7,quad,111,game_id,0,24087,0.039392586472622795,0.017265386563029485,0.022513375764572352,0.4784800438372987,0.020640828226655028,True
2023,False,True,7,quad,111,game_id,60,23272,0.008923283871016464,0.022219788660662196,0.6879845005066954,0.10026259739171267,0.6872213102336404,True
2023,False,True,7,cubic,000,game_id,0,24087,0.03159115015592211,0.01675320579676205,0.05933837090246219,0.39827631862279883,0.056406415977494184,True
2023,False,True,7,cubic,000,game_id,60,23272,0.0005571341895595251,0.021496852882550287,0.9793235311596025,0.006499916126186213,0.979319976449702,True
2023,False,True,7,cubic,110,game_id,0,24087,0.03244714875907849,0.017115309410790664,0.05798691959931879,0.39459573025150363,0.05517022302924168,True
2023,False,True,7,cubic,110,game_id,60,23272,0.006600608874057393,0.021961673358616523,0.7637566931873772,0.07471544104735259,0.7633107077112888,True
2023,False,True,7,cubic,111,game_id,0,24087,0.033895263430683886,0.01729322415579566,0.04999211303192519,0.41008327416997054,0.04732672841421115,True
2023,False,True,7,cubic,111,game_id,60,23272,0.007841957165527484,0.022197161837960232,0.7238736804931156,0.08835718454910237,0.7232729032415981,True
2023,False,True,9,quad,000,game_id,0,24087,0.034356452621454564,0.01612964251695269,0.0331700058926816,0.42910664671385385,0.0308779557797354,True
2023,False,True,9,quad,000,game_id,60,23252,-0.003571293837894351,0.020546239070415785,0.8620089699826536,-0.041152114646631405,0.8621595698195208,True
2023,False,True,9,quad,110,game_id,0,24087,0.0362581917716164,0.01655928602967812,0.028553350723546256,0.43739175467144736,0.026412919129590318,True
2023,False,True,9,quad,110,game_id,60,23252,0.0025193650895028383,0.02113701555209414,0.9051231721363224,0.028155184920598566,0.9050512962579416,True
2023,False,True,9,quad,111,game_id,0,24087,0.03781502234964236,0.016723315954267282,0.02374591166946316,0.4538054443160551,0.02179879083938996,True
2023,False,True,9,quad,111,game_id,60,23252,0.004249407590878065,0.02135027809358504,0.8422370153055412,0.04725200348704909,0.8420406453922962,True
2023,False,True,9,cubic,000,game_id,0,24087,0.029685141525752613,0.016143621408161536,0.06594232534330047,0.36991881087766004,0.0629323104229016,True
2023,False,True,9,cubic,000,game_id,60,23252,-0.004549311497120387,0.02051144258899316,0.8244743795119107,-0.052586535745012354,0.8247197310351131,True
2023,False,True,9,cubic,110,game_id,0,24087,0.03097569519433022,0.01658336236881711,0.061779099398756365,0.37247778594561015,0.05885113517484175,True
2023,False,True,9,cubic,110,game_id,60,23252,0.001459344350454271,0.02111730331965283,0.9449047933000183,0.0163565855864698,0.9448805214939369,True
2023,False,True,9,cubic,111,game_id,0,24087,0.03251482579885115,0.016750308883152806,0.05224034851943293,0.38892471151810826,0.04948361706973037,True
2023,False,True,9,cubic,111,game_id,60,23252,0.0032196509713594626,0.021325552167585506,0.879994485062358,0.03590755507083033,0.8798803278396607,True
2023,False,True,10,quad,000,game_id,0,24087,0.03582382212256525,0.015127751183397913,0.017880358880309588,0.44143625525097263,0.016368301704998034,True
2023,False,True,10,quad,000,game_id,60,23193,0.011846136861043001,0.01908544741167786,0.5348039375890179,0.13571372873214124,0.533262771671988,True
2023,False,True,10,quad,110,game_id,0,24087,0.037871166965840905,0.015562514413778157,0.014954197750619791,0.45086670765528136,0.013590870623691798,True
2023,False,True,10,quad,110,game_id,60,23193,0.01777750227782523,0.019643036901053387,0.36545044912455626,0.1976214373752468,0.3628428047580825,True
2023,False,True,10,quad,111,game_id,0,24087,0.0394830355604924,0.015726190709290575,0.012050748735436878,0.4675869881563319,0.0108482262567684,True
2023,False,True,10,quad,111,game_id,60,23193,0.019584625325834965,0.01983857539254234,0.32354500456139057,0.2165951040235373,0.32067934252208885,True
2023,False,True,10,cubic,000,game_id,0,24087,0.031482017720279906,0.015136306842810681,0.03753462653139561,0.38738727723286565,0.035329229830577846,True
2023,False,True,10,cubic,000,game_id,60,23193,0.010813259602099244,0.01904968331240511,0.5702830995472099,0.12429772952355152,0.568937076981431,True
2023,False,True,10,cubic,110,game_id,0,24087,0.033004785297171574,0.015582413274997433,0.034168361565440675,0.39200881152109296,0.03208132764684879,True
2023,False,True,10,cubic,110,game_id,60,23193,0.016680845698371284,0.01962082719820972,0.39523604512206134,0.18600586208682132,0.392814309468172,True
2023,False,True,10,cubic,111,game_id,0,24087,0.03460487009848969,0.01574632447901598,0.0279742378808423,0.40883683670646803,0.02607256280912984,True
2023,False,True,10,cubic,111,game_id,60,23193,0.018536307914487703,0.01981148651756447,0.34946146671909784,0.20564823774147328,0.3467440847336094,True
2023,False,True,14,quad,000,game_id,0,24087,0.028887896984747825,0.013963292986065412,0.0385605796191788,0.3511509280502615,0.03658135232253401,True
2023,False,True,14,quad,000,game_id,60,23160,0.007549208355815035,0.017486834987243467,0.6659535775714818,0.08621769108972098,0.6652469296996193,True
2023,False,True,14,quad,110,game_id,0,24087,0.030671617365165646,0.014370230115283879,0.03281120011489258,0.3601594871374724,0.030969068630815055,True
2023,False,True,14,quad,110,game_id,60,23160,0.013769073145220096,0.01804134715012514,0.44534687205081447,0.15239926065774595,0.4435553471027791,True
2023,False,True,14,quad,111,game_id,0,24087,0.03226874418603333,0.014488481366802204,0.025933917115690708,0.3769866834353457,0.024296630696681865,True
2023,False,True,14,quad,111,game_id,60,23160,0.015642720578875058,0.018168762058923545,0.38925573298468064,0.17226907799460575,0.3871668339613532,True
2023,False,True,14,cubic,000,game_id,0,24087,0.024824778261927086,0.013971354446929478,0.07559554830647408,0.3015784997420778,0.07304645328757298,True
2023,False,True,14,cubic,000,game_id,60,23160,0.006539992309561905,0.017442154252475795,0.7076952402887569,0.07494613819329769,0.7071435257277181,True
2023,False,True,14,cubic,110,game_id,0,24087,0.026181712793155676,0.014385114052804505,0.06875048097753256,0.30697832530472474,0.06629741616998297,True
2023,False,True,14,cubic,110,game_id,60,23160,0.012750044556674882,0.018005012593512306,0.47885918600468,0.14156322484271533,0.47724851065980034,True
2023,False,True,14,cubic,111,game_id,0,24087,0.027789266184144974,0.014502293621195981,0.05533989652531357,0.32414880162372284,0.05306536712031518,True
2023,False,True,14,cubic,111,game_id,60,23160,0.01469264439185021,0.018128864241886897,0.41767821996778154,0.16231646744791192,0.41573943297610594,True
2023,True,False,4,quad,000,game_id,0,23942,0.03663862094594193,0.01939683551648021,0.05890565552660676,0.43862859499865026,0.05536256399922879,True
2023,True,False,4,quad,000,game_id,60,23158,0.004600542204690122,0.025541540388119597,0.857058363197265,0.04994370087767596,0.8568540332795234,True
2023,True,False,4,quad,110,game_id,0,23942,0.04088619244103368,0.01966747134920639,0.03762894421455032,0.4726801968969397,0.03482630644685014,True
2023,True,False,4,quad,110,game_id,60,23158,0.014374729530064679,0.026113024480808825,0.5819893555367379,0.15145883607509383,0.5804227636070884,True
2023,True,False,4,quad,111,game_id,0,23942,0.04297632360439593,0.01991918092280413,0.030964028127674625,0.49405291886350106,0.0284547174147336,True
2023,True,False,4,quad,111,game_id,60,23158,0.016973612628799345,0.026542731569282357,0.5225090874769669,0.17793220323608533,0.5205830445214732,True
2023,True,False,4,cubic,000,game_id,0,23942,0.030590466392050417,0.019436024199751684,0.11550928624645485,0.36458821545934905,0.11136526925787393,True
2023,True,False,4,cubic,000,game_id,60,23158,0.0017914967396556536,0.02553378201249248,0.9440648588222973,0.01950500385895022,0.9440333532859835,True
2023,True,False,4,cubic,110,game_id,0,23942,0.034132644405204624,0.019726571312255452,0.08357887968539401,0.3923898637320601,0.07993572442016172,True
2023,True,False,4,cubic,110,game_id,60,23158,0.011271255931988525,0.026157079535804574,0.6665363476012116,0.11900249275238943,0.6655321310216729,True
2023,True,False,4,cubic,111,game_id,0,23942,0.036251571017290526,0.019978048734607696,0.0695899922270331,0.4143857031940841,0.0661984517881633,True
2023,True,False,4,cubic,111,game_id,60,23158,0.013921424055197132,0.026575533257659864,0.6003872981437401,0.14624512545917623,0.5990211770456857,True
2023,True,False,7,quad,000,game_id,0,23942,0.04175419661634447,0.017073688057654485,0.014463987853715388,0.4803602629414726,0.012906934432934669,True
2023,True,False,7,quad,000,game_id,60,23121,0.014379125255042577,0.021858085933574724,0.5106408894666996,0.15233022382139677,0.5085756845194445,True
2023,True,False,7,quad,110,game_id,0,23942,0.04475123027748096,0.01738295530999218,0.010040492325794848,0.49809578185011916,0.008831019686576402,True
2023,True,False,7,quad,110,game_id,60,23121,0.02082695923430424,0.022378876778165004,0.35203331057704523,0.2143701226200216,0.3488181901645231,True
2023,True,False,7,quad,111,game_id,0,23942,0.04663858703235471,0.017583841528343903,0.007993249171657668,0.5160433080478124,0.006965973321317875,True
2023,True,False,7,quad,111,game_id,60,23121,0.023104638640575024,0.02266419339711202,0.307997195447824,0.23646741242544103,0.3045507037629851,True
2023,True,False,7,cubic,000,game_id,0,23942,0.03673086850478862,0.01709562219800026,0.03166976657514442,0.4215932614724519,0.02931672107814598,True
2023,True,False,7,cubic,000,game_id,60,23121,0.012741273261692013,0.02184116698226435,0.5596506682866729,0.1354272693330626,0.5579392201639375,True
2023,True,False,7,cubic,110,game_id,0,23942,0.03906203917568436,0.017415910289408414,0.024903656391480622,0.4335016326941439,0.02290242552097399,True
2023,True,False,7,cubic,110,game_id,60,23121,0.01889724924127409,0.022377752255636638,0.39840909720662676,0.1951144824947077,0.39556450028685464,True
2023,True,False,7,cubic,111,game_id,0,23942,0.04100186367361956,0.017616776522685517,0.019942241232263624,0.4523267298691509,0.018198788069176075,True
2023,True,False,7,cubic,111,game_id,60,23121,0.021274228644692795,0.022656942253304568,0.34774525042386983,0.21841811949433812,0.34459347865611667,True
2023,True,False,9,quad,000,game_id,0,23942,0.037405180465103896,0.016475923083327765,0.023189783452241652,0.4265052229205556,0.02117402184341044,True
2023,True,False,9,quad,000,game_id,60,23102,0.005686659698045601,0.020926423326736256,0.7858177747621062,0.059915547419194415,0.7854131399824749,True
2023,True,False,9,quad,110,game_id,0,23942,0.04073829236493794,0.01688705471825645,0.01584798311152502,0.4492152209147919,0.014223080089178497,True
2023,True,False,9,quad,110,game_id,60,23102,0.011847304200907155,0.021582899918294193,0.5830597551118355,0.12113326363063867,0.5815993898264868,True
2023,True,False,9,quad,111,game_id,0,23942,0.04279747042486491,0.017079709453069317,0.012219221542941527,0.4690996713766988,0.010849076318373951,True
2023,True,False,9,quad,111,game_id,60,23102,0.014842198931677472,0.021833064072885183,0.49662872898664756,0.15083996248202275,0.49460807509545734,True
2023,True,False,9,cubic,000,game_id,0,23942,0.03259918862066608,0.01648934585191287,0.04804333115333881,0.3711051704327715,0.045214559375679864,True
2023,True,False,9,cubic,000,game_id,60,23102,0.004137339790472285,0.020897602804327443,0.8430594991265596,0.04374746360714688,0.8428390719873322,True
2023,True,False,9,cubic,110,game_id,0,23942,0.03527564700146363,0.016911662053190075,0.0369897656954139,0.3881204369220053,0.03449416279753659,True
2023,True,False,9,cubic,110,game_id,60,23102,0.0100106487345429,0.02156722083365811,0.642532867490764,0.10270065112110141,0.641444279724072,True
2023,True,False,9,cubic,111,game_id,0,23942,0.0373887277358227,0.017106431621654424,0.028840984181887297,0.40887780101898674,0.026661610695677185,True
2023,True,False,9,cubic,111,game_id,60,23102,0.013079768235724463,0.02181559588821645,0.548799219572178,0.13337681094003725,0.5471450621171239,True
2023,True,False,10,quad,000,game_id,0,23942,0.03783913206036223,0.015461245692375069,0.014390965992987281,0.4258241473030293,0.012987580879705307,True
2023,True,False,10,quad,000,game_id,60,23043,0.017337998206951595,0.019466105225010653,0.3731028630428934,0.1813168917106086,0.3702300505468743,True
2023,True,False,10,quad,110,game_id,0,23942,0.040933460421242684,0.01588623969723368,0.009975962330326604,0.44576890695233184,0.00886321882522556,True
2023,True,False,10,quad,110,game_id,60,23043,0.02323495996889751,0.02006807394645937,0.24694273540327405,0.23604273342901488,0.24335788952152582,True
2023,True,False,10,quad,111,game_id,0,23942,0.042988752779995545,0.016076620217332943,0.0074954254376657925,0.46531144550270886,0.00657920250529509,True
2023,True,False,10,quad,111,game_id,60,23043,0.026139528541305426,0.020278809858069593,0.1973956413204101,0.2639029297797666,0.19366273109418297,True
2023,True,False,10,cubic,000,game_id,0,23942,0.033378115650297094,0.015471978772738084,0.03098020424877168,0.37530390764126886,0.028858757036262617,True
2023,True,False,10,cubic,000,game_id,60,23043,0.01582819669951617,0.019436412956185097,0.4154399415111274,0.16615856144277008,0.4128497969534317,True
2023,True,False,10,cubic,110,game_id,0,23942,0.035940808590386134,0.015910128628498756,0.023884057284661253,0.3908005775187389,0.022059974223217038,True
2023,True,False,10,cubic,110,game_id,60,23043,0.02152566394094025,0.02005305932250848,0.2830758043879569,0.21944886703475167,0.2796846385266085,True
2023,True,False,10,cubic,111,game_id,0,23942,0.038053370463518164,0.016098748228356788,0.018091154508439455,0.41124948376639586,0.016541023729157,True
2023,True,False,10,cubic,111,game_id,60,23043,0.02452280820693605,0.02025977260708104,0.2261182588052768,0.2484583863615004,0.22247686003802358,True
2023,True,False,14,quad,000,game_id,0,23942,0.03084970186504061,0.014379085223054817,0.03191636580433466,0.3428919167732298,0.029964964211827594,True
2023,True,False,14,quad,000,game_id,60,23010,0.012354566034749173,0.01802064404746196,0.49297894599274006,0.12886367353380732,0.49123663841961296,True
2023,True,False,14,quad,110,game_id,0,23942,0.03414738611702707,0.014769317227863236,0.020774979489827983,0.3671869310184268,0.019210332087834514,True
2023,True,False,14,quad,110,game_id,60,23010,0.01930042057443953,0.01859491289614592,0.2992975718645541,0.19530443165563852,0.29641281574713885,True
2023,True,False,14,quad,111,game_id,0,23942,0.036092015715584104,0.014909581758670779,0.01548953757937599,0.3858272055459612,0.014185870944671164,True
2023,True,False,14,quad,111,game_id,60,23010,0.022113553615060802,0.018732809187421134,0.2378126064375472,0.222429637047972,0.23469241569622357,True
2023,True,False,14,cubic,000,game_id,0,23942,0.02662140076735594,0.014389856761682354,0.06431188936348331,0.29585870362760913,0.06170278017445052,True
2023,True,False,14,cubic,000,game_id,60,23010,0.010872438384797352,0.01797836811767846,0.5453443713067208,0.11384203800339039,0.5439002623032876,True
2023,True,False,14,cubic,110,game_id,0,23942,0.029483249027821214,0.014789613507685831,0.046205580779508315,0.3167735919747348,0.04392585586925257,True
2023,True,False,14,cubic,110,game_id,60,23010,0.017680891508306984,0.01856387003837403,0.34087608989977136,0.17954902985091692,0.3382241275516522,True
2023,True,False,14,cubic,111,game_id,0,23942,0.03151285270672532,0.014927122550336827,0.03476254136557477,0.3365747079440161,0.03278625860881679,True
2023,True,False,14,cubic,111,game_id,60,23010,0.02060986701788097,0.018699464761490526,0.2703906089420727,0.20803036231697153,0.26740628042179715,True
2023,True,True,4,quad,000,game_id,0,24460,0.027687789874596323,0.0181665314366916,0.1274812674290775,0.36774261307089096,0.12325803930301116,True
2023,True,True,4,quad,000,game_id,60,23648,-0.007711078365045773,0.023777196440786588,0.7457066674633577,-0.09405793546981936,0.7463093236142175,True
2023,True,True,4,quad,110,game_id,0,24460,0.03317185549473369,0.018457358149823726,0.0723013688716776,0.4248187812916321,0.06883373702742235,True
2023,True,True,4,quad,110,game_id,60,23648,0.00448735878928938,0.024367328922390814,0.853892075130517,0.053059387265947756,0.8537077716365762,True
2023,True,True,4,quad,111,game_id,0,24460,0.03519768765710666,0.018626269624574077,0.05880078149404011,0.44853421272528965,0.05562284720918287,True
2023,True,True,4,quad,111,game_id,60,23648,0.0069496894932599435,0.024667264477971452,0.7781449201550037,0.08180992339331239,0.7777414765006894,True
2023,True,True,4,cubic,000,game_id,0,24460,0.0222186569753715,0.018206669829008922,0.22232915424755895,0.2938839035073171,0.21832295106503752,True
2023,True,True,4,cubic,000,game_id,60,23648,-0.009925685949793995,0.0237645576431941,0.6761901583379273,-0.12137678278075618,0.67715537009324,True
2023,True,True,4,cubic,110,game_id,0,24460,0.02693128637752042,0.018528422249981996,0.14608161596419755,0.34297261813635066,0.14225175392647738,True
2023,True,True,4,cubic,110,game_id,60,23648,0.002054857139280862,0.02440829729046296,0.9329078903016663,0.024339585285381944,0.9328692782513275,True
2023,True,True,4,cubic,111,game_id,0,24460,0.028910276849886368,0.018698739357716623,0.1220784051883319,0.3663272916774367,0.11836573419620922,True
2023,True,True,4,cubic,111,game_id,60,23648,0.004487031685939414,0.024697610624671913,0.8558348225020453,0.052917195308352025,0.855664639938656,True
2023,True,True,7,quad,000,game_id,0,24460,0.031237800634147234,0.01592625228197148,0.0498320183975447,0.4001590345320887,0.04704096723895157,True
2023,True,True,7,quad,000,game_id,60,23611,0.0013081944395143125,0.020283668115387943,0.9485761171220002,0.01560703418730318,0.9485542468461714,True
2023,True,True,7,quad,110,game_id,0,24460,0.03536141047870093,0.016266247293867917,0.029711650965482894,0.4377327646219911,0.027589903782025527,True
2023,True,True,7,quad,110,game_id,60,23611,0.009791694532120698,0.020800238168302097,0.6378198778787976,0.11339402982592618,0.6368071327635958,True
2023,True,True,7,quad,111,game_id,0,24460,0.037138794706909915,0.016416732302465833,0.0236818035173898,0.4573247857128414,0.021815070104291845,True
2023,True,True,7,quad,111,game_id,60,23611,0.011945805254458106,0.021018235733148954,0.5697943957524021,0.1376398412937389,0.5684190012909243,True
2023,True,True,7,cubic,000,game_id,0,24460,0.026658642944169073,0.015945472918169876,0.09455138045218181,0.34076623911177956,0.0911684190001254,True
2023,True,True,7,cubic,000,game_id,60,23611,2.1202741768071992e-05,0.020261584115879035,0.9991650535753225,0.0002536909972181748,0.999165047782623,True
2023,True,True,7,cubic,110,game_id,0,24460,0.030070926442560417,0.016304849894044838,0.06514039824324769,0.3710980366153389,0.062243879747475805,True
2023,True,True,7,cubic,110,game_id,60,23611,0.008257030473697805,0.02079860796513598,0.6913680593926581,0.09587704840413573,0.6906267809597488,True
2023,True,True,7,cubic,111,game_id,0,24460,0.031836950178125364,0.016457146640101176,0.05304720394549345,0.3908054759934802,0.05038621242974117,True
2023,True,True,7,cubic,111,game_id,60,23611,0.010447955387340193,0.021010323323349085,0.6189935663824537,0.12070799118669817,0.6179018005777421,True
2023,True,True,9,quad,000,game_id,0,24460,0.02993002065702001,0.01540117855134141,0.05197278403594541,0.37876777278912455,0.04919663865518076,True
2023,True,True,9,quad,000,game_id,60,23591,-0.0032979022804697465,0.019451971413811074,0.8653713038833137,-0.03892581279148967,0.8655143288821745,True
2023,True,True,9,quad,110,game_id,0,24460,0.03426709529570731,0.01581402689715999,0.030244021279908218,0.41916724508630937,0.028102360546611083,True
2023,True,True,9,quad,110,game_id,60,23591,0.004791284707843655,0.020084412588220368,0.8114488221368452,0.054870319087404085,0.8111729697504282,True
2023,True,True,9,quad,111,game_id,0,24460,0.03609287283290204,0.015959427317044483,0.023725879043785536,0.43915231706663,0.021850785735276324,True
2023,True,True,9,quad,111,game_id,60,23591,0.007334632830092159,0.02027790641547613,0.7175720225405826,0.08355156051452678,0.7169700874419214,True
2023,True,True,9,cubic,000,game_id,0,24460,0.025486069965682846,0.015418033656770382,0.09833006719740811,0.32200493782030526,0.0949829222800398,True
2023,True,True,9,cubic,000,game_id,60,23591,-0.004509004101268758,0.019425401853727764,0.8164456180374264,-0.05338467074478031,0.8167121301226603,True
2023,True,True,9,cubic,110,game_id,0,24460,0.029136305259395534,0.01584944190201007,0.06601564459903786,0.3555123670630982,0.06309197765678087,True
2023,True,True,9,cubic,110,game_id,60,23591,0.003356534254139367,0.02007716302486713,0.8672270827209019,0.03854906387639522,0.867089675457156,True
2023,True,True,9,cubic,111,game_id,0,24460,0.030954918307029122,0.015997723358732036,0.05299548428128387,0.37565548851906133,0.050314304427803824,True
2023,True,True,9,cubic,111,game_id,60,23591,0.005926851402069652,0.02026776465105859,0.7699597977394885,0.06770837717356812,0.7695568624639659,True
2023,True,True,10,quad,000,game_id,0,24460,0.03182621097085586,0.01451765763215416,0.028362076194708985,0.39729957341781186,0.02643139495280833,True
2023,True,True,10,quad,000,game_id,60,23532,0.010921313282401715,0.018197230537691098,0.5483972869248404,0.12784980064208848,0.5469469755230916,True
2023,True,True,10,quad,110,game_id,0,24460,0.036120900981584575,0.014933695783115375,0.015573869971614362,0.4359350807911282,0.014216066794329407,True
2023,True,True,10,quad,110,game_id,60,23532,0.018715724582770925,0.018783799600978174,0.31906755493833705,0.21265216447759502,0.31624346919955837,True
2023,True,True,10,quad,111,game_id,0,24460,0.03797283107128615,0.015084308034709733,0.011823355692468951,0.45582168180951554,0.010676790123357316,True
2023,True,True,10,quad,111,game_id,60,23532,0.02130518644874714,0.018968991787387663,0.2613701376855675,0.24076495703258652,0.2582632823437745,True
2023,True,True,10,cubic,000,game_id,0,24460,0.027668368300651836,0.014528800661845604,0.0568606144163466,0.3450774478829481,0.054245689464931024,True
2023,True,True,10,cubic,000,game_id,60,23532,0.009695264899094024,0.018168594743842116,0.5935991597857115,0.11386858136333211,0.5923980534727948,True
2023,True,True,10,cubic,110,game_id,0,24460,0.03136017375137644,0.014962880801844483,0.03609419450320006,0.3777893253950709,0.03400527363827832,True
2023,True,True,10,cubic,110,game_id,60,23532,0.017297409877566332,0.018772143551622236,0.3568205885059317,0.19712923689124578,0.3542182784059218,True
2023,True,True,10,cubic,111,game_id,0,24460,0.03320832452739093,0.015113927097120897,0.028006147144120197,0.3978773790343085,0.02616509290319402,True
2023,True,True,10,cubic,111,game_id,60,23532,0.01993018551958619,0.018954024998340813,0.2930283256158934,0.22591158498670008,0.29007238973420324,True
2023,True,True,14,quad,000,game_id,0,24460,0.026156788274030885,0.013480993066065646,0.05234668833967904,0.3218788354372955,0.05009283673900411,True
2023,True,True,14,quad,000,game_id,60,23499,0.007328493128899539,0.01678778777727802,0.6624470472938129,0.08526343230378026,0.6617286631057513,True
2023,True,True,14,quad,110,game_id,0,24460,0.029979578861278448,0.013872315028321465,0.030686953910176173,0.3566150616210647,0.028944497398528002,True
2023,True,True,14,quad,110,game_id,60,23499,0.015157760872808889,0.017357579534553812,0.38251883571573053,0.17098337157470184,0.3804205139672674,True
2023,True,True,14,quad,111,game_id,0,24460,0.03182218665915215,0.013983016462748198,0.022859533871751436,0.37656524100780797,0.02137427661335467,True
2023,True,True,14,quad,111,game_id,60,23499,0.01773234397712834,0.017481181562466884,0.31040738421981207,0.1989712125223387,0.30796789844577743,True
2023,True,True,14,cubic,000,game_id,0,24460,0.022237150302117578,0.013490870983663953,0.09928887987295676,0.2735743324310459,0.0965546838350968,True
2023,True,True,14,cubic,000,game_id,60,23499,0.006152381986871271,0.016749830073573474,0.7133877109972657,0.07181663728368301,0.7128601110970267,True
2023,True,True,14,cubic,110,game_id,0,24460,0.025557785649275702,0.01389422448901605,0.06584845014444873,0.30367804300666446,0.06347857338177998,True
2023,True,True,14,cubic,110,game_id,60,23499,0.013860227461925289,0.01733070985992183,0.423855916520806,0.15682329739598605,0.4219799913254394,True
2023,True,True,14,cubic,111,game_id,0,24460,0.02741795119143992,0.014003967493828361,0.050245240817040626,0.32405967539353164,0.04811530620009474,True
2023,True,True,14,cubic,111,game_id,60,23499,0.016496919242641364,0.017451836174935332,0.34451455580329826,0.1856723128374904,0.3422398424326396,True
2025,False,False,4,quad,000,game_id,0,25822,0.031049466179745,0.019714053361038986,0.11525841000890402,0.3686584820778304,0.11134631867466904,True
2025,False,False,4,quad,000,game_id,60,24983,0.0056746073663251385,0.026524207206634277,0.8305933035871318,0.06058652421874225,0.8303187052488785,True
2025,False,False,4,quad,110,game_id,0,25822,0.03157178221659618,0.01997859055252962,0.11404258452098648,0.3608038120782841,0.11031817892046769,True
2025,False,False,4,quad,110,game_id,60,24983,0.01274926083251647,0.02699480525227279,0.6367228670546701,0.13189812219963584,0.6355993343044226,True
2025,False,False,4,quad,111,game_id,0,25822,0.0332402241524906,0.020231314077190008,0.10038114232578033,0.37771753122415985,0.09676748744644792,True
2025,False,False,4,quad,111,game_id,60,24983,0.014027612192085172,0.027439169971787875,0.6091929402264136,0.14447106410243224,0.6079478388973678,True
2025,False,False,4,cubic,000,game_id,0,25822,0.02564342803392418,0.019721891212819722,0.1935146215273742,0.30331919283328557,0.18965581406295873,True
2025,False,False,4,cubic,000,game_id,60,24983,0.0035894882487792095,0.026484999536289872,0.8921935551056441,0.03843747503729285,0.892080958754278,True
2025,False,False,4,cubic,110,game_id,0,25822,0.025488486465497805,0.019998139433376107,0.20247108187862262,0.28980811742205903,0.19887308891961863,True
2025,False,False,4,cubic,110,game_id,60,24983,0.01050190254015561,0.026982055082532225,0.6971148610536548,0.10891555562848344,0.69632951108704,True
2025,False,False,4,cubic,111,game_id,0,25822,0.027174416841236008,0.020249888705794587,0.17961094807028943,0.3072116827932592,0.17598013440298144,True
2025,False,False,4,cubic,111,game_id,60,24983,0.011764600381209512,0.027411910180017134,0.6677933841931787,0.12146766762277761,0.6668856177430413,True
2025,False,False,7,quad,000,game_id,0,25822,0.03839870925050414,0.01706151045249417,0.024410609121135796,0.4392298708751947,0.022454418265902998,True
2025,False,False,7,quad,000,game_id,60,24941,0.020264988212151173,0.022084342598493387,0.358818940095877,0.21270188129901163,0.35560651200140914,True
2025,False,False,7,quad,110,game_id,0,25822,0.0382613010453847,0.017363437278954546,0.027555606256578935,0.42243415413990226,0.025523071966767175,True
2025,False,False,7,quad,110,game_id,60,24941,0.024442587028008982,0.02253611181610234,0.27810042496184595,0.2489779064554801,0.2744756523308203,True
2025,False,False,7,quad,111,game_id,0,25822,0.03970316165932039,0.01757394491224271,0.02387057424080874,0.4357898521954002,0.021988250487817496,True
2025,False,False,7,quad,111,game_id,60,24941,0.025393336665569487,0.022823575204728153,0.26588351936446175,0.2573186036772939,0.2622241477200431,True
2025,False,False,7,cubic,000,game_id,0,25822,0.034063101550107534,0.017059934249009312,0.0458607714788164,0.3890248702615777,0.0432538893916139,True
2025,False,False,7,cubic,000,game_id,60,24941,0.019137519188892085,0.02204663172544845,0.38536843815724486,0.20154073664029873,0.3823418467939539,True
2025,False,False,7,cubic,110,game_id,0,25822,0.03332259150103234,0.017372608474903475,0.05509693734267662,0.36706580204963496,0.052392960541481015,True
2025,False,False,7,cubic,110,game_id,60,24941,0.023115940385347537,0.022504280453600273,0.3043358479615219,0.2362620506962266,0.3008857998282788,True
2025,False,False,7,cubic,111,game_id,0,25822,0.034802730143077484,0.017583454136551317,0.04778352351502568,0.3811101465527329,0.04523129715880314,True
2025,False,False,7,cubic,111,game_id,60,24941,0.024095003726545446,0.022785340066223386,0.2902933320935288,0.24499069196047735,0.2867843092890565,True
2025,False,False,9,quad,000,game_id,0,25822,0.0335777623050508,0.01636073214447178,0.04013676595921867,0.38055565411521497,0.03764055622314433,True
2025,False,False,9,quad,000,game_id,60,24920,0.008479867414569232,0.020974859777939708,0.6860015339723704,0.0884408628103197,0.6851693506228449,True
2025,False,False,9,quad,110,game_id,0,25822,0.03455959515525823,0.016755343321798205,0.03915051144527015,0.37785962140028045,0.03666670332332167,True
2025,False,False,9,quad,110,game_id,60,24920,0.013383092878248588,0.021565000947434555,0.5348673169856739,0.13521269292261914,0.5331350107614115,True
2025,False,False,9,quad,111,game_id,0,25822,0.03624353561675488,0.016952576619546144,0.032521881577938894,0.39394317461823253,0.030252868659904397,True
2025,False,False,9,quad,111,game_id,60,24920,0.015090258720865432,0.021813030067771584,0.4890628064987146,0.15161396390068205,0.4870314500974824,True
2025,False,False,9,cubic,000,game_id,0,25822,0.029448158473808043,0.016353663822855007,0.07174905874548987,0.3334734152746796,0.06865495159146118,True
2025,False,False,9,cubic,000,game_id,60,24920,0.007401675612120823,0.020926755378294703,0.7235679404343118,0.07747814883112336,0.7229126344129533,True
2025,False,False,9,cubic,110,game_id,0,25822,0.02986677671283754,0.016758863782659884,0.07472508892339835,0.3260439956995845,0.07160408572025467,True
2025,False,False,9,cubic,110,game_id,60,24920,0.012141917573297727,0.021523024835917944,0.5726614393306755,0.1231208665770099,0.5711791243624964,True
2025,False,False,9,cubic,111,game_id,0,25822,0.03159537918379195,0.01695893347330213,0.06245491522813906,0.34286141143076837,0.0595191694431616,True
2025,False,False,9,cubic,111,game_id,60,24920,0.013853553740348294,0.021769248909434984,0.5245276023967875,0.139693400221077,0.5227390679224981,True
2025,False,False,10,quad,000,game_id,0,25822,0.03330403272759759,0.015292804686466403,0.029424034043362468,0.37216201598093324,0.027464539422770384,True
2025,False,False,10,quad,000,game_id,60,24855,0.016249526680038574,0.01941542477474245,0.4026268429749398,0.16805304626543668,0.40009128274100036,True
2025,False,False,10,quad,110,game_id,0,25822,0.03439505471947052,0.015695600287019416,0.028424166228564696,0.37108426259834004,0.02649307628350006,True
2025,False,False,10,quad,110,game_id,60,24855,0.021381107728916507,0.019969605077595376,0.2843121906351873,0.2144406825365882,0.2810679806629548,True
2025,False,False,10,quad,111,game_id,0,25822,0.03606159735587332,0.01588314184408923,0.023181370057238526,0.3867462362678005,0.021444147066480346,True
2025,False,False,10,quad,111,game_id,60,24855,0.023080061035796753,0.02016727467268843,0.25244480009874426,0.23014318062994973,0.24902731662897915,True
2025,False,False,10,cubic,000,game_id,0,25822,0.029528428698979106,0.015285595803626203,0.05338650054788019,0.3299367683971462,0.05084285560231261,True
2025,False,False,10,cubic,000,game_id,60,24855,0.015192868546646424,0.019369157950368584,0.4328144920388377,0.15773449263337716,0.43046465255796496,True
2025,False,False,10,cubic,110,game_id,0,25822,0.0301570539568731,0.015702144359278893,0.05478604827389755,0.3250801200469891,0.052234933477066425,True
2025,False,False,10,cubic,110,game_id,60,24855,0.020233673070001613,0.019933035008977935,0.3100665491924126,0.20369827570616694,0.30696041170498467,True
2025,False,False,10,cubic,111,game_id,0,25822,0.03187986466096753,0.015888578523769185,0.04480674018177311,0.34158762580180685,0.042451352136763765,True
2025,False,False,10,cubic,111,game_id,60,24855,0.021980098597613972,0.02012735783726767,0.27481074318912313,0.21999931211726462,0.2714904799360345,True
2025,False,False,14,quad,000,game_id,0,25822,0.02969290570268167,0.014147982044991113,0.03584001438906137,0.32713129226453314,0.03388763059912381,True
2025,False,False,14,quad,000,game_id,60,24818,0.0167464837240921,0.01784612463494296,0.34804808691170885,0.17266225437404267,0.3454510206382917,True
2025,False,False,14,quad,110,game_id,0,25822,0.03046082084152517,0.014511022195462095,0.03580362777699353,0.3240986373247221,0.03384564321561645,True
2025,False,False,14,quad,110,game_id,60,24818,0.021808282916942485,0.0183753293407194,0.23529702756941506,0.2178953588468261,0.23220377566786787,True
2025,False,False,14,quad,111,game_id,0,25822,0.031935972262105136,0.014647745306525834,0.029237794339123102,0.3378822371616231,0.027471860545833726,True
2025,False,False,14,quad,111,game_id,60,24818,0.023439049561349436,0.018503562666277434,0.2052512378367426,0.23290387124824904,0.2020812847275868,True
2025,False,False,14,cubic,000,game_id,0,25822,0.026158212911956295,0.01414714784011944,0.06445641894036802,0.2883339739651241,0.06197981762957938,True
2025,False,False,14,cubic,000,game_id,60,24818,0.015684123790664653,0.017797671036764807,0.3781847662875628,0.16232707424182102,0.3757407278487612,True
2025,False,False,14,cubic,110,game_id,0,25822,0.026529755032249455,0.014518181782178946,0.06764762197286034,0.28221825026593245,0.06514839271557449,True
2025,False,False,14,cubic,110,game_id,60,24818,0.020666006228092323,0.018329007673720147,0.259529986044859,0.20725198820601498,0.25651775550771516,True
2025,False,False,14,cubic,111,game_id,0,25822,0.028068879940660187,0.014652821493500686,0.05541659388745557,0.2968971169216452,0.05309895521651442,True
2025,False,False,14,cubic,111,game_id,60,24818,0.022348759247067862,0.018455569913365853,0.2259148409620817,0.22289354419344803,0.22278551602373797,True
2025,False,True,4,quad,000,game_id,0,26372,0.027521847023758792,0.018312094860767934,0.13285638758947105,0.3641410098268463,0.12915532187447676,True
2025,False,True,4,quad,000,game_id,60,25501,-0.001903882527496483,0.02469443117093104,0.9385458651680363,-0.022899746468242506,0.9385784834139932,True
2025,False,True,4,quad,110,game_id,0,26372,0.02952885630478283,0.01860768003142218,0.1125312915726322,0.3756837502897075,0.10915923264890126,True
2025,False,True,4,quad,110,game_id,60,25501,0.007628562397858293,0.025149588917274687,0.761640276710291,0.08880613884020085,0.7612105338461652,True
2025,False,True,4,quad,111,game_id,0,26372,0.031230928931293086,0.018798309035910878,0.09663934866561585,0.39554262258756784,0.09336732197713848,True
2025,False,True,4,quad,111,game_id,60,25501,0.008860589131035587,0.025485747666647286,0.7280892305216429,0.10277822581708346,0.7275494332933903,True
2025,False,True,4,cubic,000,game_id,0,26372,0.022643238646260833,0.018328032700634076,0.21666569927655854,0.29857974717576413,0.21313563290791837,True
2025,False,True,4,cubic,000,game_id,60,25501,-0.0035619504490407364,0.024666392260548602,0.8851806663745478,-0.04295084876317522,0.8852948182246732,True
2025,False,True,4,cubic,110,game_id,0,26372,0.023948766387354353,0.018640902550521622,0.19888215691725142,0.30318662418654924,0.1956004098626103,True
2025,False,True,4,cubic,110,game_id,60,25501,0.005811010197929926,0.025149248287280122,0.8172674208499275,0.0677846518779425,0.8170151351260861,True
2025,False,True,4,cubic,111,game_id,0,26372,0.02561988765012451,0.018832897194049042,0.17370985585597776,0.3228574001963437,0.17037817103300545,True
2025,False,True,4,cubic,111,game_id,60,25501,0.006957746408913958,0.025473697256382398,0.7847498019446881,0.0808749516909689,0.7844104057315524,True
2025,False,True,7,quad,000,game_id,0,26372,0.03170217266071664,0.015800609390875936,0.04481473546822845,0.4056060445036495,0.04241252955699282,True
2025,False,True,7,quad,000,game_id,60,25459,0.010148346863672594,0.020478683876830488,0.6202072825439324,0.12037164529093868,0.6191167864334675,True
2025,False,True,7,quad,110,game_id,0,26372,0.0329020386010102,0.01613841961515348,0.04147600194058243,0.40599968690848054,0.03921716983800483,True
2025,False,True,7,quad,110,game_id,60,25459,0.016424090495519017,0.020922283498228975,0.432450823733602,0.18887777743815012,0.43026679115084,True
2025,False,True,7,quad,111,game_id,0,26372,0.03438776527787612,0.016301563463496444,0.03490347111179015,0.4222849166256812,0.0328039661100048,True
2025,False,True,7,quad,111,game_id,60,25459,0.017492859525174598,0.021151762286242576,0.4082276260646909,0.20028332564874296,0.4058922264048057,True
2025,False,True,7,cubic,000,game_id,0,26372,0.027776257075088958,0.015799647717862703,0.07874237912725923,0.35489004579136946,0.07583326797315149,True
2025,False,True,7,cubic,000,game_id,60,25459,0.00927794576724066,0.02044617712609822,0.6499914219318261,0.11036742472156165,0.6490538409879221,True
2025,False,True,7,cubic,110,game_id,0,26372,0.028355845782982666,0.01615243612339058,0.07917123729428854,0.34907613357916883,0.07637559881701805,True
2025,False,True,7,cubic,110,game_id,60,25459,0.0153525030391683,0.020898081314364096,0.46256061902778933,0.17705856601086892,0.4605776856622563,True
2025,False,True,7,cubic,111,game_id,0,26372,0.029843163727198745,0.0163176600336135,0.06741646996497686,0.36558920509430054,0.06473654466983714,True
2025,False,True,7,cubic,111,game_id,60,25459,0.016408265532054316,0.02112176770149904,0.4372522937277463,0.1884054697848081,0.4351079131793232,True
2025,False,True,9,quad,000,game_id,0,26372,0.030005806715020535,0.015206250468217431,0.04846653991404315,0.37898468331336255,0.04601243322052717,True
2025,False,True,9,quad,000,game_id,60,25437,0.0029360412424674423,0.01950251298316539,0.8803332173956446,0.03441214851354858,0.8802263935971659,True
2025,False,True,9,quad,110,game_id,0,26372,0.03213132639731964,0.015612908953440738,0.0395903807421909,0.39147537759402046,0.03734276325928487,True
2025,False,True,9,quad,110,game_id,60,25437,0.009724340752857278,0.0200662101218167,0.6279510859997712,0.11040021424402499,0.626967852277819,True
2025,False,True,9,quad,111,game_id,0,26372,0.03370998714689605,0.015764553835350848,0.032489101228621475,0.40870716562308634,0.030430002628086816,True
2025,False,True,9,quad,111,game_id,60,25437,0.011256697755311336,0.02026546106282764,0.5785785525393625,0.127200517739175,0.57733624906749,True
2025,False,True,9,cubic,000,game_id,0,26372,0.026220444699437948,0.01520403073057257,0.08460464477056728,0.3309157428543998,0.08165929571662489,True
2025,False,True,9,cubic,000,game_id,60,25437,0.002099292692860185,0.019464502685041858,0.9141128020229199,0.024682214566903598,0.914057238614443,True
2025,False,True,9,cubic,110,game_id,0,26372,0.027762222855530386,0.01562462537245842,0.07559705959645191,0.3376592735081088,0.0727779306909393,True
2025,False,True,9,cubic,110,game_id,60,25437,0.008726033553539346,0.020037423850870498,0.6632091196701835,0.09937093150849945,0.6623963306352387,True
2025,False,True,9,cubic,111,game_id,0,26372,0.02935133028009198,0.015779568253028387,0.0628735721694369,0.3552130527473597,0.060200988395006316,True
2025,False,True,9,cubic,111,game_id,60,25437,0.010239172070641496,0.020234403467509602,0.612837085399689,0.11605695741352384,0.6117759680806465,True
2025,False,True,10,quad,000,game_id,0,26372,0.031026464683083562,0.014286212865485717,0.02987250758247728,0.38599135669880236,0.0280669226952992,True
2025,False,True,10,quad,000,game_id,60,25372,0.013371805326873706,0.01813934611082796,0.4610181851343709,0.15522815574524862,0.45915705971787446,True
2025,False,True,10,quad,110,game_id,0,26372,0.03339342360685551,0.014686870002749635,0.022984491945811536,0.40087200662877653,0.02141592066701925,True
2025,False,True,10,quad,110,game_id,60,25372,0.020322122659354735,0.01866908414244822,0.2763549492947801,0.22861080889501392,0.27347484653001164,True
2025,False,True,10,quad,111,game_id,0,26372,0.034969995801448425,0.01483666332074478,0.018423312552012128,0.4177352057006707,0.017023548182523163,True
2025,False,True,10,quad,111,game_id,60,25372,0.021949576124654244,0.01885084449255034,0.24426940835165523,0.24573508174317057,0.24123046434128925,True
2025,False,True,10,cubic,000,game_id,0,26372,0.027525314779392112,0.014281024009350307,0.05392919706382848,0.3423915963371171,0.051588958654822825,True
2025,False,True,10,cubic,000,game_id,60,25372,0.01250276950550695,0.01810124996319593,0.489745888962972,0.14562269190396637,0.48804015902341025,True
2025,False,True,10,cubic,110,game_id,0,26372,0.029380899727615182,0.014696462904601332,0.04558869759777484,0.35232739493502285,0.04343667584236677,True
2025,False,True,10,cubic,110,game_id,60,25372,0.019324555326486876,0.01864004138435296,0.29986507728781975,0.21808611882169798,0.29709211911325073,True
2025,False,True,10,cubic,111,game_id,0,26372,0.030977435390074082,0.014847026349387876,0.03693874990431789,0.3696219904912804,0.034959854084796405,True
2025,False,True,10,cubic,111,game_id,60,25372,0.020970224758589076,0.018819168801685472,0.2651499381328932,0.2355228591212518,0.2621862021820198,True
2025,False,True,14,quad,000,game_id,0,26372,0.02863618513124714,0.013221661370178129,0.03032236291075119,0.3503456351151069,0.02868709304468986,True
2025,False,True,14,quad,000,game_id,60,25335,0.015058955259476842,0.016641211750476562,0.3655080915351836,0.17352098730480123,0.3633294668579363,True
2025,False,True,14,quad,110,game_id,0,26372,0.03027057247876825,0.013588820742023723,0.025906633901632947,0.35747952716168724,0.024414496351575776,True
2025,False,True,14,quad,110,game_id,60,25335,0.02128706982419155,0.01715744054860189,0.21472018411438754,0.23756430003892237,0.21196524733570543,True
2025,False,True,14,quad,111,game_id,0,26372,0.03178018253191655,0.013698170746172808,0.020339193475420903,0.3735517609785921,0.01902435919394385,True
2025,False,True,14,quad,111,game_id,60,25335,0.022901055085473902,0.017278578509817892,0.1850379965445803,0.2543991557231987,0.18222467367931694,True
2025,False,True,14,cubic,000,game_id,0,26372,0.02536717036498047,0.01322045594461922,0.05501195304774131,0.31048079567330505,0.05288326726096759,True
2025,False,True,14,cubic,000,game_id,60,25335,0.014200841481348644,0.016600897971972534,0.3923152972091384,0.16417016255496122,0.3902585137325234,True
2025,False,True,14,cubic,110,game_id,0,26372,0.02656588987110628,0.013596355909349501,0.05071330505848626,0.31359961176643936,0.048699462573515095,True
2025,False,True,14,cubic,110,game_id,60,25335,0.020337075700931906,0.01711897898229197,0.23483965415410557,0.22768774064881536,0.23213064484816437,True
2025,False,True,14,cubic,111,game_id,0,26372,0.028100220512772858,0.013705340889875421,0.040334025477800184,0.3301419789668998,0.03849873110582003,True
2025,False,True,14,cubic,111,game_id,60,25335,0.02197291093512463,0.01723839854300914,0.20243343442233686,0.24486935662847098,0.19963453522889418,True
2025,True,False,4,quad,000,game_id,0,26205,0.02487269777600697,0.01841642296542367,0.17683270434047316,0.2983737188039555,0.17301116507500724,True
2025,True,False,4,quad,000,game_id,60,25332,0.008961693216521155,0.024473809872732538,0.7142346211785962,0.09867204540657634,0.7134810722599099,True
2025,True,False,4,quad,110,game_id,0,26205,0.02870833538509136,0.018730650609584475,0.12535153696430879,0.3318545212417695,0.12169928855627399,True
2025,True,False,4,quad,110,game_id,60,25332,0.018909207679169107,0.025069668832252555,0.45068930194424484,0.20181908620664646,0.4482997216450446,True
2025,True,False,4,quad,111,game_id,0,26205,0.03079542898873294,0.018965217296743952,0.10442177431311195,0.3539242425535962,0.10091454226312213,True
2025,True,False,4,quad,111,game_id,60,25332,0.02125572619678817,0.025468670590325496,0.4039523891754506,0.225696682685476,0.40129848356122944,True
2025,True,False,4,cubic,000,game_id,0,26205,0.019906301770631615,0.01843427586655403,0.2802077983573179,0.2381716982261689,0.2768880102723634,True
2025,True,False,4,cubic,000,game_id,60,25332,0.006761137738246075,0.024443010178518715,0.7820809459211668,0.07467441153098767,0.781636086754077,True
2025,True,False,4,cubic,110,game_id,0,26205,0.02303729872690681,0.018767074656388612,0.21962041970775958,0.2652709228259395,0.216170762041906,True
2025,True,False,4,cubic,110,game_id,60,25332,0.01631652727939083,0.02506767913760235,0.5151116871140615,0.1745942743091813,0.5132108426897126,True
2025,True,False,4,cubic,111,game_id,0,26205,0.025138599993011906,0.019002250042900477,0.1858594742181976,0.28776961820908803,0.18234983798872806,True
2025,True,False,4,cubic,111,game_id,60,25332,0.018624800795412014,0.02545836894061275,0.4644257446598117,0.19826442528987082,0.4622268412992203,True
2025,True,False,7,quad,000,game_id,0,26205,0.034548015173510846,0.016195891441683718,0.03291369243902342,0.3996672232591908,0.03071274205257546,True
2025,True,False,7,quad,000,game_id,60,25290,0.022241384152157075,0.020897555837809965,0.2871903155960722,0.23896762274891592,0.28356692031864217,True
2025,True,False,7,quad,110,game_id,0,26205,0.03703494087058995,0.01650252301744845,0.024819618996222648,0.4138789142208505,0.022964481729728536,True
2025,True,False,7,quad,110,game_id,60,25290,0.02850995001526597,0.02140619959883428,0.18290790129818468,0.29737386217845385,0.1789895056712929,True
2025,True,False,7,quad,111,game_id,0,26205,0.03881710924770885,0.016693756367753946,0.020058749022688005,0.43124500504843266,0.01841919141572035,True
2025,True,False,7,quad,111,game_id,60,25290,0.030337134757117946,0.02167376214975668,0.16159806134547106,0.3146701547022093,0.15771321727738785,True
2025,True,False,7,cubic,000,game_id,0,26205,0.03045709489282796,0.016201322266779207,0.060119779833763376,0.35201829166456516,0.057310649172082284,True
2025,True,False,7,cubic,000,game_id,60,25290,0.020927026365931866,0.02086411940559268,0.3158535860264329,0.2256059754577252,0.31240454532586037,True
2025,True,False,7,cubic,110,game_id,0,26205,0.03230620578820155,0.01652329950502909,0.050560535423136876,0.3604399801647897,0.048030428058323915,True
2025,True,False,7,cubic,110,game_id,60,25290,0.026831426125267056,0.02138244159633781,0.20953883346721058,0.28080241171795145,0.20570024502819706,True
2025,True,False,7,cubic,111,game_id,0,26205,0.034119843876284334,0.016715386789994006,0.04122859580592797,0.3784066395276232,0.03892494808407565,True
2025,True,False,7,cubic,111,game_id,60,25290,0.028669550774264176,0.021646565719092712,0.18535736727641394,0.2983573712579717,0.1815054138340635,True
2025,True,False,9,quad,000,game_id,0,26205,0.030664893222462606,0.015606094604077086,0.04942226760889201,0.3514239813905075,0.04679378353317554,True
2025,True,False,9,quad,000,game_id,60,25269,0.01128261601926999,0.01994989790503098,0.5717013868460894,0.12027674373228092,0.5702372719617843,True
2025,True,False,9,quad,110,game_id,0,26205,0.033978815765897494,0.015995577025122207,0.03364814041774289,0.37600183537199927,0.03142950118336785,True
2025,True,False,9,quad,110,game_id,60,25269,0.017908256424479116,0.020570487444647012,0.3839834817434711,0.18506366996051662,0.38124731737073336,True
2025,True,False,9,quad,111,game_id,0,26205,0.03595736214534705,0.016181001216643023,0.026270037768749255,0.39555794825785456,0.0243236182177613,True
2025,True,False,9,quad,111,game_id,60,25269,0.020336072742018405,0.020805301060512753,0.328348055702258,0.2089276161831392,0.32526349775877383,True
2025,True,False,9,cubic,000,game_id,0,26205,0.026743377146917983,0.015605508249181284,0.08658127405439942,0.3063869842186947,0.083431152966853,True
2025,True,False,9,cubic,000,game_id,60,25269,0.010028793719257557,0.019907498066544897,0.6144232438872126,0.10729992010239375,0.6132128844722473,True
2025,True,False,9,cubic,110,game_id,0,26205,0.029454305797951375,0.016009718959805592,0.06580104696562161,0.325598033288452,0.06291954223035878,True
2025,True,False,9,cubic,110,game_id,60,25269,0.01633483032600971,0.020537100526168982,0.42639160374957763,0.1694074402039751,0.4239566397890593,True
2025,True,False,9,cubic,111,game_id,0,26205,0.0314686743660644,0.016198076740468154,0.05204741078168906,0.3457857309032616,0.04942020115967716,True
2025,True,False,9,cubic,111,game_id,60,25269,0.018751315652513173,0.02077243214809839,0.36668408473528746,0.1933226998641475,0.3638552935352206,True
2025,True,False,10,quad,000,game_id,0,26205,0.03078112835484121,0.014664820234863055,0.035818880352413096,0.347809394656897,0.03373614456139484,True
2025,True,False,10,quad,000,game_id,60,25204,0.018111241882540367,0.018583242508461367,0.3297583468956966,0.19108256770457066,0.32681261184855814,True
2025,True,False,10,quad,110,game_id,0,26205,0.03401893259152337,0.01506160961494735,0.02390504910015112,0.37141588325038766,0.02221246290251022,True
2025,True,False,10,quad,110,game_id,60,25204,0.024804854211198702,0.01916154984197963,0.19548866301548218,0.25392126251945807,0.19198142703319743,True
2025,True,False,10,quad,111,game_id,0,26205,0.03595805035982934,0.015240946181679774,0.018309168795421327,0.390245680032357,0.016851029448468724,True
2025,True,False,10,quad,111,game_id,60,25204,0.027209196910186,0.01935631134454273,0.15981276573176517,0.27685558835524965,0.15626341954292644,True
2025,True,False,10,cubic,000,game_id,0,26205,0.0271713994238654,0.014663022657697842,0.06387435880587633,0.30710982971050227,0.0612461469550587,True
2025,True,False,10,cubic,000,game_id,60,25204,0.016903550529661738,0.018541860240703218,0.3619568651601597,0.17902336880335795,0.35919435095469465,True
2025,True,False,10,cubic,110,game_id,0,26205,0.029900402270754124,0.015076157708017658,0.04733497578832058,0.32629736306903634,0.04502159238703274,True
2025,True,False,10,cubic,110,game_id,60,25204,0.02336474867732616,0.0191313229141813,0.22197910071243898,0.24006045727487918,0.218539097105654,True
2025,True,False,10,cubic,111,game_id,0,26205,0.0318863419392874,0.015254831837218336,0.03659576198718861,0.34586921551504235,0.03453313167261074,True
2025,True,False,10,cubic,111,game_id,60,25204,0.025799641094460538,0.019324718494828936,0.18185700744859656,0.2634688608242188,0.1783097019163682,True
2025,True,False,14,quad,000,game_id,0,26205,0.028083266502036103,0.013653460572706224,0.039699627024444295,0.31268774384820575,0.037706295621262376,True
2025,True,False,14,quad,000,game_id,60,25167,0.01861372704427469,0.017192801300104206,0.2789653361660478,0.19520740581497312,0.27605234595405403,True
2025,True,False,14,quad,110,game_id,0,26205,0.030809566119691822,0.014015694540070189,0.02793350291179597,0.3315350164060548,0.026253393449605866,True
2025,True,False,14,quad,110,game_id,60,25167,0.02502227696438932,0.017739332465814786,0.1583763197139214,0.25444796254458607,0.15519997038745537,True
2025,True,False,14,quad,111,game_id,0,26205,0.032537830789251425,0.014148860363769965,0.02146643781372859,0.3481694808435342,0.020015780481935197,True
2025,True,False,14,quad,111,game_id,60,25167,0.027255656765568813,0.0178692248642015,0.12718808162039208,0.275586595233851,0.12408194146166229,True
2025,True,False,14,cubic,000,game_id,0,26205,0.02467765597005591,0.013656702495174037,0.07076234129516723,0.27498358759104086,0.06827122211267223,True
2025,True,False,14,cubic,000,game_id,60,25167,0.017421745127232394,0.017149356165149808,0.3096849457956128,0.1833947319879831,0.3069007724399966,True
2025,True,False,14,cubic,110,game_id,0,26205,0.026960951470905242,0.014029427230568178,0.054638122605715544,0.2901476342457513,0.05238931865156893,True
2025,True,False,14,cubic,110,game_id,60,25167,0.023629726285585698,0.017699978850846194,0.1818716401536571,0.24116330617720347,0.1786927603327335,True
2025,True,False,14,cubic,111,game_id,0,26205,0.028744144578776658,0.01416085155141598,0.04237365527246251,0.30758217847083075,0.040362683914725306,True
2025,True,False,14,cubic,111,game_id,60,25167,0.025898858277401356,0.017829620629216753,0.14634183678239787,0.2628104903670044,0.14317877554976266,True
2025,True,True,4,quad,000,game_id,0,26766,0.02044588926604515,0.01727033917791866,0.2364633163668972,0.27296528820274907,0.23289930578416174,True
2025,True,True,4,quad,000,game_id,60,25859,-0.0019228211301471464,0.022804833525172756,0.932804885208141,-0.023750732959874787,0.9328450167363986,True
2025,True,True,4,quad,110,game_id,0,26766,0.025900039906067516,0.01757430450331538,0.14055031523150308,0.33276751711673824,0.13706051824569032,True
2025,True,True,4,quad,110,game_id,60,25859,0.010768354893057861,0.0233535670675321,0.6447260901176264,0.12876287195273173,0.6437537509676017,True
2025,True,True,4,quad,111,game_id,0,26766,0.02797806112376821,0.01773525003911252,0.11467139348814581,0.3577304892994235,0.11130319738948669,True
2025,True,True,4,quad,111,game_id,60,25859,0.013073324973810366,0.023639210535727293,0.5802390334126895,0.15565972706476988,0.5789527171487021,True
2025,True,True,4,cubic,000,game_id,0,26766,0.015969605570337567,0.017287277860173443,0.3556019537856363,0.2127065218613145,0.3528007869723373,True
2025,True,True,4,cubic,000,game_id,60,25859,-0.003662619093352512,0.022781792880389472,0.8722748913831531,-0.04536171925477365,0.8724197336232,True
2025,True,True,4,cubic,110,game_id,0,26766,0.020689695671132817,0.017619208826497132,0.24028718374968383,0.2648202032933299,0.23709174192070215,True
2025,True,True,4,cubic,110,game_id,60,25859,0.008701398612257152,0.023364548939276922,0.709581016132327,0.10427331805175061,0.7089268787292473,True
2025,True,True,4,cubic,111,game_id,0,26766,0.022739425803560757,0.017782450258415718,0.20098277796511455,0.289629699465875,0.1976874113306304,True
2025,True,True,4,cubic,111,game_id,60,25859,0.010913631748587123,0.023642812513164645,0.6443648729159257,0.13023191142116566,0.6434300872007379,True
2025,True,True,7,quad,000,game_id,0,26766,0.02730300374523543,0.015107710595674886,0.07072749884672769,0.3528291070173669,0.0678608500638318,True
2025,True,True,7,quad,000,game_id,60,25817,0.0100080275662054,0.019390207904940324,0.6057578693528969,0.12112300608103606,0.6045800064419424,True
2025,True,True,7,quad,110,game_id,0,26766,0.031212827449009606,0.01543529337981465,0.043158523192322606,0.3891997056710431,0.040880916531029765,True
2025,True,True,7,quad,110,game_id,60,25817,0.01863104006730326,0.01988246333777436,0.348728239452591,0.2186268193633171,0.34600507182822415,True
2025,True,True,7,quad,111,game_id,0,26766,0.03297993178463056,0.0155785290152303,0.03425883526725526,0.4091710325698837,0.032220019470049044,True
2025,True,True,7,quad,111,game_id,60,25817,0.02052752499533053,0.02009102216080068,0.30691047720766296,0.23972928967801146,0.30396818893662547,True
2025,True,True,7,cubic,000,game_id,0,26766,0.023604297840397033,0.015108895136930159,0.11822245997885683,0.30479098414870354,0.11502061719336432,True
2025,True,True,7,cubic,000,game_id,60,25817,0.00899239247716667,0.019360773106944652,0.6423149629681109,0.10915091356160998,0.641333451404567,True
2025,True,True,7,cubic,110,game_id,0,26766,0.026853259237493477,0.015457954026393394,0.08235528226869104,0.3342606328994247,0.07953960111278535,True
2025,True,True,7,cubic,110,game_id,60,25817,0.017295596764954797,0.01986666203357837,0.3839813724944432,0.20353559355906306,0.3814893670718429,True
2025,True,True,7,cubic,111,game_id,0,26766,0.028618095423345695,0.015603473906761653,0.06664139685470882,0.3544162860731378,0.0640123064102216,True
2025,True,True,7,cubic,111,game_id,60,25817,0.019168597412547412,0.020071513720565374,0.33957009289464635,0.22449959977164816,0.3368252221360257,True
2025,True,True,9,quad,000,game_id,0,26766,0.026276572488393695,0.014585240568496862,0.07161048703303252,0.33532943229569623,0.06878852960157289,True
2025,True,True,9,quad,000,game_id,60,25795,0.0034678068839247775,0.018547390467098586,0.8516841002069133,0.041450244002301316,0.8515198656988354,True
2025,True,True,9,quad,110,game_id,0,26766,0.030840555914161554,0.01497712710577322,0.03947728403200279,0.3798252007764398,0.037274214108149684,True
2025,True,True,9,quad,110,game_id,60,25795,0.012205935200665605,0.019141559175082715,0.5236906555839063,0.14135831127790396,0.5221400670618435,True
2025,True,True,9,quad,111,game_id,0,26766,0.03266446913157825,0.015115395083560529,0.030694826553294252,0.40025719822467326,0.028745931337888386,True
2025,True,True,9,quad,111,game_id,60,25795,0.014430279058021096,0.01932610378684562,0.4552609976368953,0.16628601952874933,0.45330733095731235,True
2025,True,True,9,cubic,000,game_id,0,26766,0.02268977754035724,0.014585118688676147,0.11978420311108318,0.28946692272111846,0.11662849148300536,True
2025,True,True,9,cubic,000,game_id,60,25795,0.002497250980483553,0.018513679633392812,0.892701377157765,0.029942640319240984,0.8926146653104856,True
2025,True,True,9,cubic,110,game_id,0,26766,0.026628396736148835,0.014996841017356235,0.07579880594185995,0.3275502943592407,0.07301885013685516,True
2025,True,True,9,cubic,110,game_id,60,25795,0.010964648168757534,0.019121470485740873,0.5663598362193709,0.12736760347970352,0.5650548661517063,True
2025,True,True,9,cubic,111,game_id,0,26766,0.028456787083242688,0.015138436423675633,0.060139354660691424,0.3482394926083982,0.057569073736723375,True
2025,True,True,9,cubic,111,game_id,60,25795,0.013159306643703121,0.019305206708937157,0.4954631576532298,0.15209650126616184,0.4937536669433107,True
2025,True,True,10,quad,000,game_id,0,26766,0.02765423352522389,0.013762088757440654,0.04448939930720108,0.34768503534026113,0.04232095249651047,True
2025,True,True,10,quad,000,game_id,60,25730,0.013052193129208738,0.01735885664968522,0.45210881399996117,0.15429182033289435,0.45019375936827455,True
2025,True,True,10,quad,110,game_id,0,26766,0.0322638027298213,0.014147715266711665,0.022578310139500735,0.39155685311137967,0.021056132082132972,True
2025,True,True,10,quad,110,game_id,60,25730,0.02179762878377677,0.01791052276121095,0.22359311477729094,0.2497316539730337,0.22053001532539507,True
2025,True,True,10,quad,111,game_id,0,26766,0.03405791265931811,0.014288448217891736,0.017144331822555037,0.41123070694772995,0.015837957337800024,True
2025,True,True,10,quad,111,game_id,60,25730,0.024084541728823176,0.01808554722480903,0.1829584531927635,0.27452855462624787,0.17979977510396994,True
2025,True,True,10,cubic,000,game_id,0,26766,0.02431594046500364,0.013758856915979077,0.07717906267144947,0.3057831572792568,0.0745369470060917,True
2025,True,True,10,cubic,000,game_id,60,25730,0.012073188875721286,0.017324707821682425,0.48587982823280385,0.14318697397126143,0.4841541167663914,True
2025,True,True,10,cubic,110,game_id,0,26766,0.02836915761196615,0.014163840315496843,0.04518497735038762,0.3440588474002166,0.04307805359480876,True
2025,True,True,10,cubic,110,game_id,60,25730,0.020592448279427033,0.017888802789154425,0.24967621166923748,0.23666623557849695,0.2466997828955635,True
2025,True,True,10,cubic,111,game_id,0,26766,0.03017656638053204,0.014305610141815712,0.034908186502634164,0.36409257091137204,0.033028365809061544,True
2025,True,True,10,cubic,111,game_id,60,25730,0.022885013690346137,0.018062420116222992,0.20515672703193344,0.26167298664772937,0.20202931529744395,True
2025,True,True,14,quad,000,game_id,0,26766,0.0261800243132119,0.012801411296442095,0.04084609312988263,0.32362412417646397,0.038964063204815824,True
2025,True,True,14,quad,000,game_id,60,25693,0.01500544769152521,0.01602253791106206,0.3490048620590893,0.17568217640276917,0.346742090750654,True
2025,True,True,14,quad,110,game_id,0,26766,0.029899195444660465,0.013156652768222168,0.023053109010016337,0.35687299129554195,0.021672615005525753,True
2025,True,True,14,quad,110,game_id,60,25693,0.02286081810984803,0.01654973687030864,0.16717435970598649,0.25927522299050415,0.16437006125296927,True
2025,True,True,14,quad,111,game_id,0,26766,0.03161484488542482,0.013260785727801344,0.017121631231251655,0.3755331857204865,0.015955742078113344,True
2025,True,True,14,quad,111,game_id,60,25693,0.025057511257840524,0.01666834600405535,0.1327619056493501,0.2828089737363869,0.13000262583538102,True
2025,True,True,14,cubic,000,game_id,0,26766,0.02304053378325332,0.012801379441098182,0.0718846843196701,0.28500551921196504,0.06954643596982302,True
2025,True,True,14,cubic,000,game_id,60,25693,0.014053340565626418,0.01598592180807677,0.3793430997920577,0.16506581247055863,0.37722217093680466,True
2025,True,True,14,cubic,110,game_id,0,26766,0.026278852966360174,0.013169338299887803,0.045993020862333145,0.3136201049414436,0.04408449435437678,True
2025,True,True,14,cubic,110,game_id,60,25693,0.021730860013107055,0.016518126392216354,0.18831620284725714,0.24723139323730828,0.18552035725927385,True
2025,True,True,14,cubic,111,game_id,0,26766,0.028013745424013275,0.01327321874438336,0.034811309935075085,0.33269362254898427,0.03313102168492299,True
2025,True,True,14,cubic,111,game_id,60,25693,0.023937646965628483,0.0166358197434779,0.15017262441004986,0.27101403095328397,0.1473750535938565,True
